# r, beta, Ep, EpNorm, EpNormStd, v1, v2, decay
0.5,3,94.6372660896,0.841220143019,0.0220149606455,7.5,7.5,0.15000000000000002
1.0,3,88.326617634,0.78512549008,0.0185197920162,7.5,7.5,0.15000000000000002
1.5,3,102.820934281,0.913963860275,0.0232652306917,7.5,7.5,0.15000000000000002
2.0,3,102.763122586,0.913449978539,0.0236762943093,7.5,7.5,0.15000000000000002
