# r, beta, Ep, EpNorm, EpNormStd, v1, v2, decay
0.5,3,102.038707186,0.907010730546,0.0511600407301,7.5,7.5,0.9500000000000001
1.0,3,101.743968706,0.904390832945,0.0519899850429,7.5,7.5,0.9500000000000001
1.5,3,111.387530013,0.99011137789,3.25765596769e-06,7.5,7.5,0.9500000000000001
2.0,3,111.387172433,0.990108199401,5.34018873091e-05,7.5,7.5,0.9500000000000001
