# r, beta, Ep, EpNorm, EpNormStd, v1, v2, decay
0.5,3,102.4260628,0.910453891552,0.0489693810083,7.5,7.5,0.9
1.0,3,102.347080826,0.909751829562,0.0493834779711,7.5,7.5,0.9
1.5,3,111.387527363,0.990111354342,4.43329054163e-06,7.5,7.5,0.9
2.0,3,111.387172378,0.990108198916,4.81357989509e-05,7.5,7.5,0.9
