# r, beta, Ep, EpNorm, EpNormStd, v1, v2, decay
0.5,3,107.496970001,0.955528622235,0.0231840506136,7.5,7.5,0.35
1.0,3,107.389292743,0.95457149105,0.0240911188508,7.5,7.5,0.35
1.5,3,111.387548814,0.990111545013,1.16407281915e-06,7.5,7.5,0.35
2.0,3,111.387286546,0.990109213739,2.19841924495e-05,7.5,7.5,0.35
