# r, beta, Ep, EpNorm, EpNormStd, v1, v2, decay
0.5,3,67.2649056679,0.597910272603,0.0437144297219,7.5,7.5,0.7000000000000001
1.0,3,62.7260288831,0.557564701183,0.0332472512239,7.5,7.5,0.7000000000000001
1.5,3,80.3609275578,0.714319356069,0.0599510748675,7.5,7.5,0.7000000000000001
2.0,3,80.2232706823,0.713095739398,0.0578582292312,7.5,7.5,0.7000000000000001
