# r, beta, Ep, EpNorm, EpNormStd, v1, v2, decay
0.5,3,71.9001014968,0.639112013305,0.0438386196171,7.5,7.5,0.55
1.0,3,67.3988916375,0.599101259,0.0313356274715,7.5,7.5,0.55
1.5,3,84.6180441853,0.752160392759,0.0527198553422,7.5,7.5,0.55
2.0,3,84.4567108766,0.750726318903,0.0512205959215,7.5,7.5,0.55
