# r, beta, Ep, EpNorm, EpNormStd, v1, v2, decay
0.5,3,101.859772145,0.905420196848,0.0514553383818,7.5,7.5,1.0
1.0,3,101.435360918,0.901647652608,0.0546115861111,7.5,7.5,1.0
1.5,3,111.387473268,0.990110873492,1.06855161668e-05,7.5,7.5,1.0
2.0,3,111.387164781,0.990108131391,5.52906023317e-05,7.5,7.5,1.0
