# r, beta, Ep, EpNorm, EpNormStd, v1, v2, decay
0.5,3,68.7489862981,0.611102100427,0.0442714933856,7.5,7.5,0.65
1.0,3,64.2308307534,0.570940717808,0.0325313339867,7.5,7.5,0.65
1.5,3,80.9744534333,0.719772919407,0.0535938428186,7.5,7.5,0.65
2.0,3,81.4471379759,0.723974559786,0.0570481057565,7.5,7.5,0.65
