# r, beta, Ep, EpNorm, EpNormStd, v1, v2, decay
0.5,3,70.5690712716,0.627280633525,0.0451924805662,7.5,7.5,0.6000000000000001
1.0,3,65.6053634223,0.583158785976,0.0307333852065,7.5,7.5,0.6000000000000001
1.5,3,82.8840071809,0.736746730497,0.0530491004587,7.5,7.5,0.6000000000000001
2.0,3,82.8178855451,0.736158982623,0.053104989786,7.5,7.5,0.6000000000000001
