# r, beta, Ep, EpNorm, EpNormStd, v1, v2, decay
0.5,3,107.058263031,0.951629004723,0.0251831197549,7.5,7.5,0.39999999999999997
1.0,3,106.97144802,0.950857315736,0.0266317130485,7.5,7.5,0.39999999999999997
1.5,3,111.387550867,0.990111563261,1.10147752628e-06,7.5,7.5,0.39999999999999997
2.0,3,111.387236402,0.990108768016,2.60826368324e-05,7.5,7.5,0.39999999999999997
