# r, beta, Ep, EpNorm, EpNormStd, v1, v2, decay
0.5,3,110.72983795,0.984265226219,0.00414653791945,7.5,7.5,0.05
1.0,3,110.731231551,0.984277613789,0.00422232809778,7.5,7.5,0.05
1.5,3,111.387550545,0.990111560398,1.00283938203e-06,7.5,7.5,0.05
2.0,3,111.387552101,0.990111574236,9.23578360242e-07,7.5,7.5,0.05
