# r, beta, Ep, EpNorm, EpNormStd, v1, v2, decay
0.5,3,103.198928394,0.917323807948,0.0461654598105,7.5,7.5,0.8
1.0,3,103.192030845,0.917262496399,0.0440126878984,7.5,7.5,0.8
1.5,3,111.387528407,0.990111363618,4.28692302933e-06,7.5,7.5,0.8
2.0,3,111.387273518,0.990109097941,3.86514593463e-05,7.5,7.5,0.8
