# r, beta, Ep, EpNorm, EpNormStd, v1, v2, decay
0.5,3,62.1072105131,0.55206409345,0.0515734594959,7.5,7.5,0.9500000000000001
1.0,3,57.6996855276,0.512886093579,0.0386648832774,7.5,7.5,0.9500000000000001
1.5,3,73.9260099986,0.657120088876,0.0682011622818,7.5,7.5,0.9500000000000001
2.0,3,73.7661050822,0.655698711842,0.067210197222,7.5,7.5,0.9500000000000001
