# r, beta, Ep, EpNorm, EpNormStd, v1, v2, decay
0.5,3,107.925149211,0.959334659655,0.0215535082735,7.5,7.5,0.3
1.0,3,107.928133262,0.959361184547,0.0208531779684,7.5,7.5,0.3
1.5,3,111.387544693,0.990111508379,2.00262676685e-06,7.5,7.5,0.3
2.0,3,111.387429697,0.990110486197,1.21764451337e-05,7.5,7.5,0.3
