# r, beta, Ep, EpNorm, EpNormStd, v1, v2, decay
0.5,3,64.9524057535,0.577354717809,0.0476944859266,7.5,7.5,0.8
1.0,3,60.7919960948,0.540373298621,0.0354881674988,7.5,7.5,0.8
1.5,3,77.1183751097,0.685496667642,0.0621356593072,7.5,7.5,0.8
2.0,3,77.4965132021,0.68885789513,0.0616747298331,7.5,7.5,0.8
