# r, beta, Ep, EpNorm, EpNormStd, v1, v2, decay
0.5,3,110.162567836,0.979222825212,0.00776682316518,7.5,7.5,0.1
1.0,3,110.13564406,0.978983502755,0.00777320677249,7.5,7.5,0.1
1.5,3,111.387538283,0.990111451407,2.07494156377e-06,7.5,7.5,0.1
2.0,3,111.387513822,0.990111233969,4.45895579277e-06,7.5,7.5,0.1
