# r, beta, Ep, EpNorm, EpNormStd, v1, v2, decay
0.5,3,106.445883667,0.946185632599,0.0275800544513,7.5,7.5,0.45
1.0,3,106.265005742,0.944577828821,0.0296252141405,7.5,7.5,0.45
1.5,3,111.387499966,0.990111110813,6.16423069626e-06,7.5,7.5,0.45
2.0,3,111.387314783,0.990109464734,1.94696531964e-05,7.5,7.5,0.45
