# r, beta, Ep, EpNorm, EpNormStd, v1, v2, decay
0.5,3,63.8944692499,0.567950837777,0.0471337233326,7.5,7.5,0.8500000000000001
1.0,3,59.5741484736,0.529547986432,0.0360778353367,7.5,7.5,0.8500000000000001
1.5,3,75.935544535,0.674982618089,0.0620230366263,7.5,7.5,0.8500000000000001
2.0,3,76.1749937148,0.677111055243,0.0641314371044,7.5,7.5,0.8500000000000001
