# r, beta, Ep, EpNorm, EpNormStd, v1, v2, decay
0.5,3,83.6347409787,0.743419919811,0.0324993047732,7.5,7.5,0.3
1.0,3,77.4581000362,0.688516444766,0.0267978127452,7.5,7.5,0.3
1.5,3,94.9118127431,0.843660557716,0.0368989564368,7.5,7.5,0.3
2.0,3,95.0422123634,0.844819665452,0.037375855758,7.5,7.5,0.3
