# r, beta, Ep, EpNorm, EpNormStd, v1, v2, decay
0.5,3,63.0087101041,0.560077423148,0.0521351585489,7.5,7.5,0.9
1.0,3,58.4851861946,0.51986832173,0.0377576414518,7.5,7.5,0.9
1.5,3,74.9875765889,0.666556236346,0.063762126568,7.5,7.5,0.9
2.0,3,74.4810729472,0.662053981753,0.0634493482583,7.5,7.5,0.9
