# r, beta, Ep, EpNorm, EpNormStd, v1, v2, decay
0.5,3,78.2010321591,0.695120285858,0.0360842529934,7.5,7.5,0.39999999999999997
1.0,3,72.7664452478,0.646812846647,0.0284863327714,7.5,7.5,0.39999999999999997
1.5,3,90.4640366872,0.804124770553,0.0438580513416,7.5,7.5,0.39999999999999997
2.0,3,90.8951409068,0.80795680806,0.0434945811273,7.5,7.5,0.39999999999999997
