# r, beta, Ep, EpNorm, EpNormStd, v1, v2, decay
0.5,3,86.9899101444,0.773243645728,0.0294879626389,7.5,7.5,0.25
1.0,3,80.2140129868,0.713013448771,0.0250047823786,7.5,7.5,0.25
1.5,3,97.7782040226,0.869139591312,0.0338487864497,7.5,7.5,0.25
2.0,3,97.37761771,0.865578824089,0.0323100553463,7.5,7.5,0.25
