# r, beta, Ep, EpNorm, EpNormStd, v1, v2, decay
0.5,3,90.3915708592,0.803480629859,0.025438172424,7.5,7.5,0.2
1.0,3,83.7913331326,0.744811850068,0.022739707148,7.5,7.5,0.2
1.5,3,100.172559575,0.890422751776,0.0295608479711,7.5,7.5,0.2
2.0,3,99.961948083,0.888550649626,0.0279693335418,7.5,7.5,0.2
