# r, beta, Ep, EpNorm, EpNormStd, v1, v2, decay
0.5,3,103.95328567,0.92402920596,0.0415951470309,7.5,7.5,0.75
1.0,3,103.272568534,0.917978386971,0.0448055764093,7.5,7.5,0.75
1.5,3,111.3875276,0.990111356445,4.40010628755e-06,7.5,7.5,0.75
2.0,3,111.387256019,0.990108942389,4.23887493168e-05,7.5,7.5,0.75
