# r, beta, Ep, EpNorm, EpNormStd, v1, v2, decay
0.5,3,80.7627288277,0.717890922913,0.0352241221817,7.5,7.5,0.35
1.0,3,74.8525062691,0.665355611281,0.0273628465011,7.5,7.5,0.35
1.5,3,92.7487069032,0.824432950251,0.0412527041869,7.5,7.5,0.35
2.0,3,92.9912080405,0.826588515915,0.0411653666183,7.5,7.5,0.35
