# r, beta, Ep, EpNorm, EpNormStd, v1, v2, decay
0.5,3,105.607456565,0.938732947246,0.0330747384937,7.5,7.5,0.55
1.0,3,105.314951317,0.936132900593,0.0342476622201,7.5,7.5,0.55
1.5,3,111.387538909,0.990111456967,2.12003436312e-06,7.5,7.5,0.55
2.0,3,111.387323161,0.990109539205,1.99586038338e-05,7.5,7.5,0.55
