# r, beta, Ep, EpNorm, EpNormStd, v1, v2, decay
0.5,3,105.983073587,0.942071765218,0.030441873611,7.5,7.5,0.5
1.0,3,105.842023423,0.940817985984,0.0315928852735,7.5,7.5,0.5
1.5,3,111.387519636,0.990111285649,4.58585763945e-06,7.5,7.5,0.5
2.0,3,111.387415851,0.990110363116,1.24110245095e-05,7.5,7.5,0.5
