# r, beta, Ep, EpNorm, EpNormStd, v1, v2, decay
0.5,3,99.342757831,0.883046736276,0.0171385156274,7.5,7.5,0.1
1.0,3,94.0861400224,0.836321244643,0.0143027035757,7.5,7.5,0.1
1.5,3,105.556470095,0.938279734178,0.0172970179535,7.5,7.5,0.1
2.0,3,105.292990713,0.935937695223,0.0175227715894,7.5,7.5,0.1
