# r, beta, Ep, EpNorm, EpNormStd, v1, v2, decay
0.5,3,104.600204856,0.929779598716,0.0359493323768,7.5,7.5,0.65
1.0,3,104.360949036,0.927652880318,0.0391278229962,7.5,7.5,0.65
1.5,3,111.38755476,0.990111597865,5.9056041321e-07,7.5,7.5,0.65
2.0,3,111.387248144,0.99010887239,3.76875264509e-05,7.5,7.5,0.65
