# r, beta, Ep, EpNorm, EpNormStd, v1, v2, decay
0.5,3,109.000966458,0.968897479625,0.0149568591345,7.5,7.5,0.2
1.0,3,108.982807408,0.968736065853,0.0151076503321,7.5,7.5,0.2
1.5,3,111.387528128,0.990111361136,3.23708869442e-06,7.5,7.5,0.2
2.0,3,111.387476422,0.990110901528,7.49391245191e-06,7.5,7.5,0.2
