# r, beta, Ep, EpNorm, EpNormStd, v1, v2, decay
0.5,3,104.897426157,0.932421565841,0.0111068519533,7.5,7.5,0.05
1.0,3,101.598288945,0.903095901736,0.00729237622918,7.5,7.5,0.05
1.5,3,108.302130146,0.962685601299,0.00938614008964,7.5,7.5,0.05
2.0,3,108.208448692,0.961852877261,0.00934158096813,7.5,7.5,0.05
