# r, beta, Ep, EpNorm, EpNormStd, v1, v2, decay
0.5,3,66.3242427143,0.589548824127,0.0491307792486,7.5,7.5,0.75
1.0,3,61.8540548279,0.549813820693,0.0352306669621,7.5,7.5,0.75
1.5,3,78.4553531776,0.697380917134,0.0598417353209,7.5,7.5,0.75
2.0,3,78.4972618555,0.697753438716,0.059397745291,7.5,7.5,0.75
