# r, beta, Ep, EpNorm, EpNormStd, v1, v2, decay
0.5,3,104.941383422,0.932812297083,0.0377264866122,7.5,7.5,0.6000000000000001
1.0,3,105.266225759,0.935699784524,0.0364791054996,7.5,7.5,0.6000000000000001
1.5,3,111.387553626,0.990111587787,7.4958843691e-07,7.5,7.5,0.6000000000000001
2.0,3,111.387398883,0.990110212293,1.93591366077e-05,7.5,7.5,0.6000000000000001
