# r, beta, Ep, EpNorm, EpNormStd, v1, v2, decay
0.5,3,75.8395239879,0.674129102114,0.040189727593,7.5,7.5,0.45
1.0,3,70.8394148343,0.629683687416,0.0294698230357,7.5,7.5,0.45
1.5,3,88.2125704696,0.784111737508,0.0483293786921,7.5,7.5,0.45
2.0,3,88.6046085045,0.78759652004,0.0476618873844,7.5,7.5,0.45
