# r, beta, Ep, EpNorm, EpNormStd, v1, v2, decay
0.5,3,61.2330166799,0.544293481599,0.0518495935132,7.5,7.5,1.0
1.0,3,56.6495200742,0.503551289549,0.038659751872,7.5,7.5,1.0
1.5,3,72.521664622,0.644637018862,0.0653930684292,7.5,7.5,1.0
2.0,3,72.7533006373,0.646696005665,0.0669224522354,7.5,7.5,1.0
