# r, beta, Ep, EpNorm, EpNormStd, v1, v2, decay
0.5,3,73.9914327688,0.657701624611,0.0391927252298,7.5,7.5,0.5
1.0,3,68.8456250018,0.611961111127,0.0306774676726,7.5,7.5,0.5
1.5,3,86.3553489798,0.767603102042,0.04889287968,7.5,7.5,0.5
2.0,3,86.3780561267,0.767804943349,0.0490629909588,7.5,7.5,0.5
