# r, beta, Ep, EpNorm, EpNormStd, v1, v2, decay
0.5,3,102.807349436,0.913843106095,0.0478529836901,7.5,7.5,0.8500000000000001
1.0,3,102.655900586,0.912496894098,0.0503897395933,7.5,7.5,0.8500000000000001
1.5,3,111.387542518,0.990111489048,2.18153910973e-06,7.5,7.5,0.8500000000000001
2.0,3,111.387190391,0.990108359034,5.02420218625e-05,7.5,7.5,0.8500000000000001
