# r, beta, Ep, EpNorm, EpNormStd, v1, v2, decay
0.5,3,109.506026195,0.973386899511,0.0114413110685,7.5,7.5,0.15000000000000002
1.0,3,109.583857813,0.974078736119,0.0120723026449,7.5,7.5,0.15000000000000002
1.5,3,111.387540925,0.990111474889,1.92462143401e-06,7.5,7.5,0.15000000000000002
2.0,3,111.387473581,0.99011087628,6.78734924209e-06,7.5,7.5,0.15000000000000002
