# r, beta, Ep, EpNorm, EpNormStd, v1, v2, decay
0.5,3,104.24171351,0.926593008978,0.0408570498848,7.5,7.5,0.7000000000000001
1.0,3,103.972875594,0.924203338617,0.0419986144122,7.5,7.5,0.7000000000000001
1.5,3,111.387533371,0.990111407744,3.16237570771e-06,7.5,7.5,0.7000000000000001
2.0,3,111.387213247,0.990108562198,4.64357935328e-05,7.5,7.5,0.7000000000000001
