# r, beta, Ep, EpNorm, EpNormStd, v1, v2, decay
0.5,3,108.500434964,0.964448310793,0.0171745312038,7.5,7.5,0.25
1.0,3,108.512714791,0.96455746481,0.0175469451705,7.5,7.5,0.25
1.5,3,111.387529775,0.990111375778,3.95199769033e-06,7.5,7.5,0.25
2.0,3,111.387438253,0.990110562245,1.11519753416e-05,7.5,7.5,0.25
