# r, beta, Ep, EpNorm, EpNormStd, v1, v2
0.5,3,96.8026982827,0.860468429179,0.00769023525087,8.1,6.84762732631
1.0,3,97.9729604592,0.870870759638,0.00690615714494,8.1,6.84762732631
1.5,3,111.161214245,0.988099682181,0.00121796666261,8.1,6.84762732631
2.0,3,111.387510239,0.990111202126,6.17244661535e-06,8.1,6.84762732631
