# r, beta, Ep, EpNorm, EpNormStd, v1, v2
0.5,3,106.05557585,0.942716229779,0.0116933403047,7.65,7.34693813776
1.0,3,106.539699163,0.947019548119,0.011308981947,7.65,7.34693813776
1.5,3,111.386931635,0.990106058977,3.44166433019e-05,7.65,7.34693813776
2.0,3,111.387514767,0.990111242376,4.97874992388e-06,7.65,7.34693813776
