# r, beta, Ep, EpNorm, EpNormStd, v1, v2
0.5,3,90.2427319193,0.80215761706,0.00705688112851,7.55,7.44966442197
1.0,3,88.641522564,0.787924645013,0.0130439920271,7.55,7.44966442197
1.5,3,100.842279585,0.896375818537,0.0216272910902,7.55,7.44966442197
2.0,3,100.814983611,0.896133187651,0.0225056700115,7.55,7.44966442197
