# r, beta, Ep, EpNorm, EpNormStd, v1, v2
0.5,3,86.9052093548,0.772490749821,0.00323948756438,7.85,7.1328465566
1.0,3,86.5518020875,0.769349351889,0.0108311771534,7.85,7.1328465566
1.5,3,94.7994988831,0.842662212295,0.016360724037,7.85,7.1328465566
2.0,3,94.6230257844,0.841093562528,0.0152351949844,7.85,7.1328465566
