# r, beta, Ep, EpNorm, EpNormStd, v1, v2
0.5,3,84.7268487456,0.753127544405,0.00263119725166,8.15,6.7880409545
1.0,3,85.6289072037,0.76114584181,0.00696391136987,8.15,6.7880409545
1.5,3,82.7823869728,0.735843439758,7.77156117238e-16,8.15,6.7880409545
2.0,3,90.399787652,0.803553668018,0.0111725216607,8.15,6.7880409545
