# r, beta, Ep, EpNorm, EpNormStd, v1, v2
0.5,3,84.3758788189,0.750007811723,0.00244470228242,8.2,6.72755527662
1.0,3,85.4948357956,0.759954095961,0.0065860446358,8.2,6.72755527662
1.5,3,82.5363284323,0.733656252732,1.22124532709e-15,8.2,6.72755527662
2.0,3,89.7622041139,0.79788625879,0.0111354632484,8.2,6.72755527662
