# r, beta, Ep, EpNorm, EpNormStd, v1, v2
0.5,3,103.729076633,0.922036236741,0.0105802375022,7.75,7.24137417898
1.0,3,104.304664301,0.927152571562,0.010971877248,7.75,7.24137417898
1.5,3,111.381885859,0.990061207632,0.000149108956627,7.75,7.24137417898
2.0,3,111.387456322,0.990110722859,8.1397406992e-06,7.75,7.24137417898
