# r, beta, Ep, EpNorm, EpNormStd, v1, v2
0.5,3,87.7114460286,0.779657298032,0.00374123309123,7.75,7.24137417898
1.0,3,87.1295371194,0.774484774394,0.0114976384429,7.75,7.24137417898
1.5,3,96.3435777116,0.856387357436,0.0170687553023,7.75,7.24137417898
2.0,3,96.2703450508,0.855736400451,0.0169358065893,7.75,7.24137417898
