# r, beta, Ep, EpNorm, EpNormStd, v1, v2
0.5,3,85.0810541714,0.756276037079,0.00283329630929,8.1,6.84762732631
1.0,3,86.0134544901,0.764564039912,0.00750567465527,8.1,6.84762732631
1.5,3,83.0282121469,0.738028552417,3.44169137634e-15,8.1,6.84762732631
2.0,3,91.0101176198,0.808978823287,0.0113660733509,8.1,6.84762732631
