# r, beta, Ep, EpNorm, EpNormStd, v1, v2
0.5,3,87.3144940687,0.776128836166,0.00353734956805,7.8,7.18748913043
1.0,3,86.8251010443,0.771778675949,0.0114229626189,7.8,7.18748913043
1.5,3,95.4349988012,0.848311100455,0.0161495766636,7.8,7.18748913043
2.0,3,95.4132298067,0.848117598282,0.0159145052644,7.8,7.18748913043
