# r, beta, Ep, EpNorm, EpNormStd, v1, v2
0.5,3,101.661903005,0.903661360043,0.00948976268002,7.85,7.1328465566
1.0,3,102.351598374,0.909791985551,0.00933709995127,7.85,7.1328465566
1.5,3,111.360904386,0.989874705655,0.000363922052095,7.85,7.1328465566
2.0,3,111.387498754,0.990111100036,6.62877949535e-06,7.85,7.1328465566
