# r, beta, Ep, EpNorm, EpNormStd, v1, v2
0.5,3,86.1657529735,0.765917804209,0.00325469128577,7.95,7.02121784308
1.0,3,86.0809103486,0.765163647543,0.00912040562333,7.95,7.02121784308
1.5,3,93.1128634581,0.827669897405,0.0135919567079,7.95,7.02121784308
2.0,3,93.1886815953,0.828343836402,0.0144774909614,7.95,7.02121784308
