# r, beta, Ep, EpNorm, EpNormStd, v1, v2
0.5,3,88.1572870008,0.783620328896,0.00386058223619,7.7,7.29451848993
1.0,3,87.5369128662,0.778105892144,0.0119986044678,7.7,7.29451848993
1.5,3,97.1173486462,0.8632653213,0.0173015977451,7.7,7.29451848993
2.0,3,97.0362209524,0.862544186243,0.0178553425724,7.7,7.29451848993
