# r, beta, Ep, EpNorm, EpNormStd, v1, v2
0.5,3,84.0410737044,0.747031766261,0.00230459353086,8.25,6.66614581299
1.0,3,85.6028100186,0.760913866832,0.00805816635462,8.25,6.66614581299
1.5,3,82.2900365271,0.731466991352,5.55111512313e-16,8.25,6.66614581299
2.0,3,89.1633696046,0.792563285374,0.010705831446,8.25,6.66614581299
