# r, beta, Ep, EpNorm, EpNormStd, v1, v2
0.5,3,86.5372784222,0.769220252642,0.00322364729114,7.9,7.07742891169
1.0,3,86.3921021279,0.767929796692,0.00940038102417,7.9,7.07742891169
1.5,3,93.843183443,0.834161630604,0.0142489942456,7.9,7.07742891169
2.0,3,93.8743821851,0.834438952756,0.0149615718549,7.9,7.07742891169
