# r, beta, Ep, EpNorm, EpNormStd, v1, v2
0.5,3,80.7658641317,0.717918792282,0.00723910814029,8.4,6.47610994348
1.0,3,93.5270170811,0.831351262943,0.00512104606899,8.4,6.47610994348
1.5,3,110.486863461,0.982105452988,0.00208945933138,8.4,6.47610994348
2.0,3,111.38750833,0.990111185155,6.62266524421e-06,8.4,6.47610994348
