# r, beta, Ep, EpNorm, EpNormStd, v1, v2
0.5,3,85.4348423719,0.759420821084,0.00269278055911,8.05,6.90633766913
1.0,3,85.8069300556,0.762728267161,0.00788652897722,8.05,6.90633766913
1.5,3,83.2737967341,0.740211526525,2.44249065418e-15,8.05,6.90633766913
2.0,3,91.7204282202,0.815292695291,0.0127538459622,8.05,6.90633766913
