# r, beta, Ep, EpNorm, EpNormStd, v1, v2
0.5,3,98.6691570417,0.877059173704,0.00824968449242,8.0,6.96419413859
1.0,3,99.6229419914,0.885537262146,0.00841430465625,8.0,6.96419413859
1.5,3,111.272866151,0.989092143563,0.000853152296654,8.0,6.96419413859
2.0,3,111.387494704,0.990111064037,8.73610250336e-06,8.0,6.96419413859
