# r, beta, Ep, EpNorm, EpNormStd, v1, v2
0.5,3,100.644337284,0.894616331411,0.00908615385748,7.9,7.07742891169
1.0,3,101.389148185,0.901236872752,0.00933965808435,7.9,7.07742891169
1.5,3,111.340005734,0.989688939858,0.0005174201601,7.9,7.07742891169
2.0,3,111.387486839,0.990110994122,9.27222500045e-06,7.9,7.07742891169
