# r, beta, Ep, EpNorm, EpNormStd, v1, v2
0.5,3,104.914802241,0.932576019916,0.0102865342163,7.7,7.29451848993
1.0,3,105.477032118,0.937573618824,0.0107239360955,7.7,7.29451848993
1.5,3,111.385668539,0.990094831461,6.93523384069e-05,7.7,7.29451848993
2.0,3,111.387451698,0.990110681763,9.27356874323e-06,7.7,7.29451848993
