# r, beta, Ep, EpNorm, EpNormStd, v1, v2
0.5,3,80.3819381292,0.714506116704,0.00392509752949,8.45,6.4107331874
1.0,3,92.9388473953,0.826123087958,0.0048783632592,8.45,6.4107331874
1.5,3,110.317510681,0.980600094943,0.00225994406502,8.45,6.4107331874
2.0,3,111.387508772,0.990111189081,5.8623400893e-06,8.45,6.4107331874
