# r, beta, Ep, EpNorm, EpNormStd, v1, v2
0.5,3,88.65358616,0.788031876978,0.00422491635104,7.65,7.34693813776
1.0,3,88.090096615,0.783023081022,0.0139414944562,7.65,7.34693813776
1.5,3,98.0609960666,0.87165329837,0.0190056301782,7.65,7.34693813776
2.0,3,98.0687625196,0.871722333508,0.0191382375905,7.65,7.34693813776
