# r, beta, Ep, EpNorm, EpNormStd, v1, v2
0.5,3,108.61286824,0.965447717693,0.012241279035,7.55,7.44966442197
1.0,3,108.923345929,0.968207519373,0.0118920381278,7.55,7.44966442197
1.5,3,111.387520268,0.990111291273,4.57464367177e-06,7.55,7.44966442197
2.0,3,111.387504312,0.990111149436,5.17360905394e-06,7.55,7.44966442197
