# r, beta, Ep, EpNorm, EpNormStd, v1, v2
0.5,3,81.3588947307,0.723190175384,0.0114920167969,8.35,6.54045105478
1.0,3,94.1519088955,0.836905856849,0.00537296395213,8.35,6.54045105478
1.5,3,110.634099114,0.983414214351,0.00196162677864,8.35,6.54045105478
2.0,3,111.387554466,0.990111595256,4.82077545376e-07,8.35,6.54045105478
