# r, beta, Ep, EpNorm, EpNormStd, v1, v2
0.5,3,85.803421947,0.762697083973,0.00290466560721,8.0,6.96419413859
1.0,3,86.2032127209,0.766250779742,0.00830160046154,8.0,6.96419413859
1.5,3,92.4469440504,0.821750613781,0.0130810711563,8.0,6.96419413859
2.0,3,92.3945303308,0.821284714051,0.0133023623954,8.0,6.96419413859
