# r, beta, Ep, EpNorm, EpNormStd, v1, v2
0.5,3,83.3643311618,0.741016276993,0.00229547065286,8.35,6.54045105478
1.0,3,84.3392838811,0.749682523388,0.00465100555621,8.35,6.54045105478
1.5,3,81.7967813196,0.727082500619,1.33226762955e-15,8.35,6.54045105478
2.0,3,87.9388573827,0.78167873229,0.00963180272955,8.35,6.54045105478
