# r, beta, Ep, EpNorm, EpNormStd, v1, v2
0.5,3,99.6431689251,0.885717057112,0.00870396289932,7.95,7.02121784308
1.0,3,100.539767759,0.893686824528,0.00825677106912,7.95,7.02121784308
1.5,3,111.309614629,0.989418796701,0.000677720759598,7.95,7.02121784308
2.0,3,111.387494344,0.990111060839,7.85287655646e-06,7.95,7.02121784308
