# r, beta, Ep, EpNorm, EpNormStd, v1, v2
0.5,3,95.9113728303,0.85254553627,0.00765181361314,8.15,6.7880409545
1.0,3,97.1316426448,0.863392379065,0.00669847623519,8.15,6.7880409545
1.5,3,111.08854175,0.987453704447,0.00131958518524,8.15,6.7880409545
2.0,3,111.38751397,0.990111235284,6.25689176926e-06,8.15,6.7880409545
