# r, beta, Ep, EpNorm, EpNormStd, v1, v2
0.5,3,89.2449022919,0.793288020372,0.00490233133638,7.6,7.39864852524
1.0,3,88.332882672,0.785181179306,0.0133252237292,7.6,7.39864852524
1.5,3,99.1661354382,0.88147675945,0.0199985360739,7.6,7.39864852524
2.0,3,99.2485947296,0.882209730929,0.0215929591551,7.6,7.39864852524
