# r, beta, Ep, EpNorm, EpNormStd, v1, v2
0.5,3,83.0288864113,0.738034545878,0.00210936764905,8.4,6.47610994348
1.0,3,83.9770815616,0.746462947214,0.00398756452278,8.4,6.47610994348
1.5,3,81.5498248785,0.724887332254,2.44249065418e-15,8.4,6.47610994348
2.0,3,87.3209362779,0.776186100248,0.00879316448124,8.4,6.47610994348
