# r, beta, Ep, EpNorm, EpNormStd, v1, v2
0.5,3,93.097531912,0.827533616996,0.0289573723637,8.25,6.66614581299
1.0,3,95.592303489,0.849709364347,0.00597985256307,8.25,6.66614581299
1.5,3,110.886421441,0.985657079478,0.00166864266986,8.25,6.66614581299
2.0,3,111.387499306,0.990111104944,6.87872051279e-06,8.25,6.66614581299
