# r, beta, Ep, EpNorm, EpNormStd, v1, v2
0.5,3,80.1083107711,0.712073873521,0.00233602023775,8.5,6.34428877022
1.0,3,92.3743749018,0.821105554683,0.00448147767104,8.5,6.34428877022
1.5,3,110.144313479,0.979060564261,0.00236527797399,8.5,6.34428877022
2.0,3,111.387524896,0.990111332412,4.47614688196e-06,8.5,6.34428877022
