# r, beta, Ep, EpNorm, EpNormStd, v1, v2
0.5,3,107.314059517,0.95390275126,0.0110717798434,7.6,7.39864852524
1.0,3,107.653044458,0.956915950736,0.0122581058169,7.6,7.39864852524
1.5,3,111.387333303,0.990109629358,1.89532907827e-05,7.6,7.39864852524
2.0,3,111.38748871,0.990111010752,6.32432796987e-06,7.6,7.39864852524
