# r, beta, Ep, EpNorm, EpNormStd, v1, v2
0.5,3,82.7002168418,0.735113038594,0.00208369876918,8.45,6.4107331874
1.0,3,83.6355389479,0.743427012871,0.00408675198122,8.45,6.4107331874
1.5,3,81.3026561282,0.722690276695,2.33146835171e-15,8.45,6.4107331874
2.0,3,86.7465054122,0.771080048108,0.00830762588247,8.45,6.4107331874
