# r, beta, Ep, EpNorm, EpNormStd, v1, v2
0.5,3,83.6965110602,0.743968987202,0.0023067994215,8.3,6.60378679244
1.0,3,84.9035791014,0.754698480901,0.006440116539,8.3,6.60378679244
1.5,3,82.0435185363,0.729275720323,1.44328993201e-15,8.3,6.60378679244
2.0,3,88.5340635544,0.786969453817,0.0101767684014,8.3,6.60378679244
