# r, beta, Ep, EpNorm, EpNormStd, v1, v2
0.5,3,102.731805362,0.913171603221,0.00945223475955,7.8,7.18748913043
1.0,3,103.408983615,0.919190965464,0.00959672556218,7.8,7.18748913043
1.5,3,111.374133383,0.989992296736,0.000241563655807,7.8,7.18748913043
2.0,3,111.387485872,0.990110985532,6.07877396665e-06,7.8,7.18748913043
