# r, beta, Ep, EpNorm, EpNormStd, v1, v2
0.5,3,94.877277491,0.843353577698,0.011654081163,8.2,6.72755527662
1.0,3,96.3521445655,0.856463507249,0.0062991689888,8.2,6.72755527662
1.5,3,110.997577537,0.986645133664,0.00150763003521,8.2,6.72755527662
2.0,3,111.387509237,0.99011119322,6.02846329573e-06,8.2,6.72755527662
