# r, beta, Ep, EpNorm, EpNormStd, v1, v2
0.5,3,97.7105869298,0.868538550487,0.00795683314794,8.05,6.90633766913
1.0,3,98.7213550811,0.877523156276,0.00734370622355,8.05,6.90633766913
1.5,3,111.22265515,0.988645823554,0.00100836551018,8.05,6.90633766913
2.0,3,111.387508245,0.990111184397,6.60614250575e-06,8.05,6.90633766913
