# r, beta, Ep, EpNorm, EpNormStd, v1, v2
0.5,3,88.7623319156,0.788998505917,0.0498488981036,8.3,6.60378679244
1.0,3,94.8059995624,0.84271999611,0.00584840478698,8.3,6.60378679244
1.5,3,110.772049263,0.984640437894,0.00186290820283,8.3,6.60378679244
2.0,3,111.387523398,0.990111319093,4.39515575904e-06,8.3,6.60378679244
