# r, beta, Ep, EpNorm, EpNormStd, v1, v2
0.5,3,82.3592199539,0.732081955146,0.00189751240149,8.5,6.34428877022
1.0,3,83.3031283144,0.740472251683,0.00375253979548,8.5,6.34428877022
1.5,3,81.0552815854,0.72049139187,7.77156117238e-16,8.5,6.34428877022
2.0,3,81.0552815854,0.72049139187,7.77156117238e-16,8.5,6.34428877022
